"text_id","keyword_ids*"
"0","0,1"
"1","2,3,4,5"
"2","6,7,8,9,10"
"3","11,12"
"4","13,14,15,16,17,18"
"5","19,20,21,22,23,24,25,26,27"
"6","28,29,30,31,32,33,34"
"7","35,36,37,38"
"8","39,40,41,42"
"9","6,43,44,45,46"
"10","47,48,6,49,50,34,51,38"
"11","52,53"
"12","5,54,55"
"13","56,57,58,43,59,60"
"14","61,43,62,63,64,65"
"15","66,67"
"16","68,69,70,71"
"17","72,73,74,75,76"
"18","77,78,79,80,81,82,83,84,85,86,34"
"19","87"
"20","88,89,90,91,92,93,94,95,96,97,98,85,34"
"21","99,100"
"22","101,102,103,104,105,106"
"23","107,108"
"24","109,110,111,112,113,114,115,116,117,8,118,119"
"25","120"
"26","121,122,37"
"27","123,124,125,126,127"
"28","128,129"
"29","130,131,132,133,134"
"30","135,136,137,138,139"
"31","140,141,74,142"
"32","143,144,145"
"33","146,147,148,149,150,151"
"34","152,153,43,154"
"35","155,37"
"36","156,157,158,159,160,161,162"
"37","156,163,164,165,64,166,167"
"38","168,169,170"
"39","171,172,150,173"
"40","174,175,176,177,150"
"41","178,43,103,179,180,181,182"
"42","183,92,184,185,186,187"
"43","39,188,189,190,191"
"44","192,193,103,194,195"
"45","196,197,198,199,200"
"46","201,202,203,204"
"47","205,206,207,208,209"
"48","210,211,212,213"
"49","214,215,97,216,217"
"50","218,219,220,221,222"
"51","223,224,151"
"52","225,226,227,228,103,229,151"
"53","41,230,133"
"54","231,232,233,22,234,235"
"55","236,237,230"
"56","238,239,240,241,242"
"57","39,243,244"
"58","245,246,8,247"
"59","248,249,250"
"60","251,169,252"
"61","253,103"
"62","254,255,256,257,103,258"
"63","103,49,259,34"
"64","260,261,262,5"
"65","263"
"66","264,265,266"
"67","267,268,269"
"68","270,153,43,191"
"69","271,272"
"70","273,274"
"71","275,276,277,278"
"72","279,280,34,281"
"73","282,283,284"
"74","43,285,286,287,288"
"75","110,289,290,291,151,292"
"76","293,294"
"77","295,103,296"
"78","185,297,7,298"
"79","31,299,300,301"
"80","302,303,304"
"81","305,306,103,169,86,54"
"82","307,101,103"
"83","308,236,309,310"
"84","311,305"
"85","311,305,312,313"
"86","31,314,315,316"
"87","317,318"
"88","319,103,320,321,230"
"89","322,323,324"
"90","78,325,101"
"91","326,327"
"92","328,329,330,22,331,332,65"
"93","333,334,303,34"
"94","335,336,337"
"95","156,338,339,340,341"
"96","342,43,343,344"
"97","345,346,347,348,297,349,350,34,351,67"
"98","352,353,354"
"99","355,356,357"
"100","49,34,358,359"
"101","360,361,362,363,14,364,365,366,367,368"
"102","369,370,43,371,372,303"
"103","373,374,375,376,377,378,379"
"104","289,8,380,118"
"105","381,382,172,383,384,385,386,387,388,389"
"106","390,391,392,103,59,179,42,393"
"107","394,22,103,395,396,397"
"108","398,399,103,400,230"
"109","401,402,403"
"110","404,113,405,406,407,408"
"111","43,409,410,411"
"112","3,328,412,413,414,415,416,54,417"
"113","418,419,420,375,421,422,103,7"
"114","423,424,277,67"
"115","425,426,427"
"116","428,429,430,82,34,431"
"117","432,425,433,434,435,436,437"
"118","253,43,241,438,439"
"119","440,441,442"
"120","443,352,305"
"121","43,444,34,445,446,173"
"122","447,43,448,439"
"123","449,297,450,451"
"124","43,452,453,454"
"125","455,103,456,54"
"126","457,34,458,459"
"127","460,461,103,274,230"
"128","3,462"
"129","463,464,465,466"
"130","467,362,468,469,470,364,113,151"
"131","471,472,349,473,474"
"132","475,476,477,478"
"133","150,479,415,480"
"134","31,481,482,483,43,484"
"135","485,350,34,445,486"
"136","487,488,277,489"
"137","101,67"
"138","150,490,491,230"
"139","492,493"
"140","494,495,496"
"141","497,498,327"
"142","499,500,501,502"
"143","503,504,505,43"
"144","150,238,506,209"
"145","507,508,509"
"146","510,294,511,512,103,513"
"147","514,515,516,81,517"
"148","518,519,520,397,521"
"149","522,523,524,525,15,526,527"
"150","528,529,530,531,532,533"
"151","201,534,535,536,537,538,539,87"
"152","540,77,541,542,543,544"
"153","545,103,546,547"
"154","338,548,230"
"155","549,57,550,551,59,552"
"156","221,553,85,554"
"157","144,555,556,557,558"
"158","150,191,559"
"159","150,560,561,562,144,563,564"
"160","565,566"
"161","567,568,569,85,570,571,572"
"162","573,574,575"
"163","82,574,576,34"
"164","85,34,439"
"165","223,477,577,578,7,8"
"166","82,579,85,34,133"
"167","580,581,582,583,584,585,586,587,588"
"168","589,590,591,186"
"169","150,592,593"
"170","594,595"
"171","596,597,598"
"172","599,43,600,601"
"173","602,43,603,604"
"174","605,606,607,608"
"175","609,150,43,610,611,612"
"176","482,613,354,105"
"177","614,615"
"178","616,617,230,618"
"179","619,620,621"
"180","622,623,624,625"
"181","626,627,628,629,34,630"
"182","631,632,103,633,634"
"183","635,636,637,638"
"184","639,640"
"185","641,642,643,301"
"186","644,103,645,646"
"187","78,22,647,648,649,191"
"188","43,650,651,652"
"189","653,654,655,43,656,297,657"
"190","658,659,660,41,661"
"191","662,236,663,664,230,665"
"192","666,667,668,669"
"193","670,671,672,673"
"194","150,674,675,676,38"
"195","677,678,679"
"196","463,464,465,466"
"197","103,331,35,680,681"
"198","31,682,683,684,685,686"
"199","687,688,103,689,238,634"
"200","690,691,692,693,634"
"201","694,695,696,43,697"
"202","698,699,113,700"
"203","701,103,702,703,704"
"204","705,706,670,150,185,707,169,67"
"205","397"
"206","708,709,710"
"207","303"
"208","43,711,712,713,714,614,715"
"209","716,717"
"210","718,230,665"
"211","355,481,150,145"
"212","719,21,41,238"
"213","188,720,721,722,209"
"214","22,723,724,67"
"215","725,726,209"
"216","727,43,728,169,64,547,729"
"217","342,730,352,731,732"
"218","733,734,735,736"
"219","737,738,303,41,739"
"220","188,455,23,740,741,54,742,209"
"221","743,744,719"
"222","745,746,41,747,748,749,750,751,752,310"
"223","201,753,754,755"
"224","756,22,732,757,758,759,760"
"225","43,761,762,763,320,764"
"226","765,766,767,768"
"227","769,770,722,771,209,359"
"228","772,52,773,774,775,776"
"229","777,778,779"
"230","690,723,780"
"231","781,782,783,784,785"
"232","786,787,150,144,788"
"233","328,789,790"
"234","791,792,230"
"235","382,793,794,263,795,636"
"236","390,796,797,798,59,799"
"237","150,202,676,800,38"
"238","801,802,43,803"
"239","101,331,54,209"
"240","804,19,805,806,807,808,809,810,811,812"
"241","813,814,815,816,817,10"
"242","818,819,820"
"243","188,455,43,740,54"
"244","821,822,477,823,824"
"245","825,826,827,828"
"246","829,830,352,191"
"247","831,553,832"
"248","833,834,43,636,835"
"249","836,43,837,86,838"
"250","839,354,840"
"251","841,842,843"
"252","844,845,103,846,191"
"253","35,847,230,840"
"254","848,849,850"
"255","851,65,852"
"256","853,854,855,856,857"
"257","101,858,859"
"258","860,861,862,863,864"
"259","236,865,489"
"260","866,212,867,868,869,870"
"261","871,872,873,34,359"
"262","261,874,875,230,876"
"263","342,877,759,86,133,870"
"264","878,879,880"
"265","881,882,883,43,884,885"
"266","886,172,43,887,888,84,889,890"
"267","101,43,891,892"
"268","893,894"
"269","895,150,101,209"
"270","896,103"
"271","897,898"
"272","788,899,900,509"
"273","188,901,902,903,209,904,905"
"274","906,907,34,439"
"275","908,909,910"
"276","662,687,191"
"277","737,911,912,133"
"278","913,22,914,785"
"279","19,303,649,486"
"280","305,915,916,917,918"
"281","78,103,919,920"
"282","921,922,52,38"
"283","319,103,320,321,230"
"284","31,156,327,495,86,923"
"285","924,925,798,518"
"286","352,926,927"
"287","928,929,397"
"288","930,110,113,931,151"
"289","932,933,934,935,301"
"290","936,732,937,938"
"291","939,940,941,59,942"
"292","943,103,944,945,946,947"
"293","948,949,950,951,759,693"
"294","31,952,953,43,169"
"295","954,31,955,43,956,957"
"296","43,958,959,67,588"
"297","960,961,962,963,964"
"298","965,966"
"299","967,968,797,969,970"
"300","971,972,973,919,974"
"301","975,976,977,150,978,979"
"302","297,900,509"
"303","47,150,101,144"
"304","980,150,981,676,982"
"305","983,425,86,195,230,636,984,985"
"306","986"
"307","987,988,34,989"
"308","990,43,991,297,992"
"309","390,993,994,995,42"
"310","174,996,3,185,997,998"
"311","999,949,1000,505"
"312","1001,610,647,185,1002,509"
"313","1003,1004,1005,1006,1007,43,1008,22,1009,1010,1011"
"314","1012,1013,43,1014,714,1015,509"
"315","670,1016,1017,74"
"316","1018,103,59,1019"
"317","150,1020,1021,1022,397"
"318","1023,1024,1025,1026,38"
"319","1027,1028,1029,1030"
"320","1031,1032,43,179"
"321","1033,1034,1035"
"322","92,169,1036,509"
"323","1037,1038,1039,384,761,1040,693"
"324","1041,1042,85,34,1043"
"325","156,1044,43,1045,1046"
"326","1047,1048,1049,1050,1051"
"327","1052,1053,1054,1055,1056"
"328","1057,1058,8,1059,1060"
"329","43,1061,1062,1063"
"330","1037,761,1064,1002,1065"
"331","253,1066,150,1067"
"332","19,1068,1069,92,1070,103,54,64"
"333","1071,1072,1073,43,1074"
"334","43,1075,1076"
"335","261,916,1077,38"
"336","153,1078,43,512,169"
"337","1079,1080,41"
"338","930,1081,277,629,34"
"339","339,1082,1083,1084,1085"
"340","150,1086,1087,85,34"
"341","1088,1089,103,1090"
"342","1091,1092,1093,1094,1095"
"343","43,693,1096,1097,1098"
"344","382,1099,103,1100"
"345","110,1101,362,1102,1103,150,364,113,1104,1086,1105,530,1106,1107,439,1108"
"346","261,1109,556,1110"
"347","43,1111,1112,300"
"348","1113,1114,1115,103,1116"
"349","481,1117,1118,67"
"350","261,185,1119,1120,1121"
"351","43,22,1122,1123,1124"
"352","1125,327,86,1126"
"353","1127,1128,230,133"
"354","1129,636,1130,1131,1132"
"355","1133,1134,1135"
"356","1136,1137,1138,103"
"357","31,156,1139,41,1140"
"358","78,150,1141,917"
"359","1142,1143,1144,1145"
"360","22,397,1146"
"361","1147,1148,1149"
"362","245,78,1150,8"
"363","1151,34,509"
"364","1152,20,81,22"
"365","1153,1154,1155,1156"
"366","1157,1158,1159"
"367","1160,1161,22,1162,785"
"368","78,1163,133"
"369","515,1164,1165,81,1166,1167"
"370","425,1168,41,238,237,1169"
"371","1170"
"372","1171,1172,1173,400"
"373","1174,1175,179,8,1097,209"
"374","1176,1064,191"
"375","175,1177,43,732,759"
"376","1178,1179,684,1180"
"377","1181,6,1182,211,1183,1184,1185"
"378","1186,1187,1188,1189,1190,1191"
"379","1192,43,723,1193"
"380","1194,355,1195,1196,43,1197,1002,1198"
"381","1199,509,1200"
"382","77,949,1201,191,1202"
"383","1203,43,1204,1205,1206,1207"
"384","1208,1209,544,191"
"385","460,461,1210,518,230"
"386","1211,1212,1213"
"387","31,150,1214,43,1215,840"
"388","1216,1217,1218,1219,67"
"389","1220,103,1221,54,230"
"390","175,1222,150,1223"
"391","518,1224,1225"
"392","43,5,300"
"393","329,788,509"
"394","201,201,1226,1227"
"395","1091,1228,1229,20,1230,474"
"396","1231,1232,1233,1234,1235,1236,518,1237"
"397","103,1238,5"
"398","1239,54,1097"
"399","1240,826,1241"
"400","375,1242,1097,1243"
"401","1192,1244"
"402","1245,375,236,798,1246,310"
"403","236,622,1247,1246,310"
"404","3,185,230"
"405","1248,1037,1249,81,704,598"
"406","1250,43,1251,964,67"
"407","1252,43,1253,1254,785,1255,67"
"408","1256,1257,1258,1259"
"409","1260,975,201,1261,150"
"410","375,949,1262,103,103,1263,1264,1265"
"411","1266,321,1267"
"412","1268,481,43,1269,1270,1271"
"413","20,647,1020,1272"
"414","43,1273,1274,1275,154"
"415","1276,1277,1278,1279"
"416","362,468,1280,1281"
"417","31,150,338,1282,610,1283,785,209,1284"
"418","1266,1285,1286,1010,230,1097"
"419","1287,1288,1289,1290,1291,1292,377,1293,1294,400,1295"
"420","1296,1297,340,54"
"421","1298,41,1299,1300,1301"
"422","1302,1303,1304"
"423","43,1219,498,1305,67"
"424","854,150,1306,934"
"425","201,1307,1308,185,1309,67"
"426","662,1310,1311"
"427","303,1312,34,636,281"
"428","1313,1314,1315,1316"
"429","723,1317,1318"
"430","39,1319,103,1320"
"431","412,1321,779"
"432","1322,230,752,1323"
"433","375,906,1324,1325,1326"
"434","1327,1328,1329"
"435","1330,587,785"
"436","1091,1331"
"437","1332,1333,574,1334,85,576,34,1335,1336"
"438","1337,797,1338,1339,133"
"439","1296,1340,1341,1342,693,1343,397"
"440","1344,1345,1346,1347,228,228,1348,1349,1350,1351"
"441","813,1352,35,36,37,38"
"442","382,1353,8,118"
"443","1354,495,230"
"444","1355,43,84,331,680,1356,1357"
"445","1358,1359"
"446","1360,1361,1362,1363,359"
"447","1364,103,785"
"448","1365,22,1366,1367,1368,1369"
"449","1370,303,1371,85,1372,34,1335,1373"
"450","1374,1375,43,561,1376,191"
"451","43,1377,1378,1379,1380"
"452","1381,1312,1382,1383"
"453","3,22,1384,1385"
"454","1386,352,43,343,761,732,1387"
"455","1388,249,34,1335"
"456","375,1374,303,988"
"457","1389,903,1390"
"458","1391,1392,34"
"459","1393,6,1394,1395,240"
"460","1396,1397,1398,1399,1400"
"461","43"
"462","1401,355,92,1402,240,1403"
"463","49,34,38"
"464","1404,1165,81,1405"
"465","1406,434,1407,1408,1409"
"466","1410,1411,92,103,297,1412,249,1002"
"467","1413,1414,1415,1416,1417"
"468","1418,1419,300,1420"
"469","1421,1422,1048,261,1423,1424"
"470","1425,211,7"
"471","1426,1427,1428,1429,1430"
"472","1431,1432,1433,1434"
"473","1435,1436,34,1437"
"474","150,1438,1439"
"475","1440,211,693,588"
"476","1441,85,916,1442,1443,1444"
"477","1445,101,97,297,350,34"
"478","28,1446,1447,1448,1449,439"
"479","1450,201,1451,382,1452,1453,1454,202,1455,1456,1457,1458,588,1459,1460"
"480","1450,201,382,1453,1461,202,1455,237,1462,1457,1458,587,588,1459"
"481","1463,574,85,1464,34,240"
"482","1465,1466,85,1467,1468,439"
"483","921,1469,49,74,1470,1471,38"
"484","1164,331"
"485","1472,1473"
"486","328,1474,1475,1476"
"487","82,144,34,1477"
"488","1478,43,1002,1479"
"489","1480,1481,1482,1483,79,1484,81,1485,359"
"490","1480,34,1486,1487"
"491","1488,1489,1490,1491,1492,34,38"
"492","903,477,1493,1494,1495,1496,291,1497"
"493","1498,1499,1500,1501"
"494","1502,1503,11,1504,1505,1506"
"495","1507,43,1508,349,587,1509"
"496","1510,1511,1512,1513,1514,598,1515"
"497","79,1516,1517,1518,439"
"498","1519,1520,1521"
"499","1522,179,600,86,1523,1144"
"500","188,1524,34,1525,1526,1527"
"501","82,1528,1470,5,1529,1284"
"502","1530,1531,439,1444"
"503","574,85,34"
"504","1532,1533,92,43,1109,354"
"505","1534,34,1535"
"506","225,1445,97,85,1536"
"507","355,1362,92,43,1537"
"508","1538,79,1539,1540,1541,81,348,84"
"509","43,86,34"
"510","647,1542,397,64,509"
"511","1543,6,1517,1544,1545,1546,359"
"512","1547,289,1548,1549,700"
"513","826,1550,1551,1552,67"
"514","1553,1554,587,1067"
"515","1555,1556,43,497,1557,1015"
"516","1558,1559"
"517","253,1560,1561,151"
"518","1562,1563,1564,78,22,297,1565,237,1566"
"519","1567,1568,1569,1570,1571,38"
"520","1572,1573,439,598,1444"
"521","101,92,610,1574"
"522","225,328,1575,81,430,144,579,34"
"523","1576,1577,1578,1579,333"
"524","201,1580,1581,277,1582,1583,1584,1585,544"
"525","201,1586,227,1587,1588"
"526","355,1589"
"527","81,103,1590,1591,182"
"528","1592,1593,22,1594,1176"
"529","1595,1596,1597,1598,1599"
"530","1600,1601,1602"
"531","1603,1604,439"
"532","1605,179,1144"
"533","382,512,761,103,67"
"534","1606,1607,1608,838"
"535","1609,52,49,85,1610,1611,439,598"
"536","573,628,49,34,636"
"537","1037,463,103,1612,1613"
"538","1614,1615,43,1522,1141,397,1616"
"539","1617,1618,1619,1620"
"540","1396,1621,794,1622,244"
"541","1623,260,1624,1625,103"
"542","1626,1627,1507,1628"
"543","1629,31,1037,1630,553,92,43,1631,1632,297,1633,1634,1635,1537,1636"
"544","1637,43,647,179,1097,1635"
"545","1638,1639,1640,1641,1642,1643"
"546","1480,1644,261,1645,1307,364,1646,1647"
"547","1102,81,1648,1649,1650,1651"
"548","1652,1653,1654,1655,1656"
"549","1657,1658,1659"
"550","43,1660,1661"
"551","1662,1663,211,1664"
"552","43,647,179,1665"
"553","1666,1667,1668,439,1669"
"554","211,277,1670"
"555","1671,1672,1673,1674,1675,1676"
"556","1677,1678,43,1108"
"557","78,1679,1680,1681,1363"
"558","1001,79,809,1682,1683"
"559","74,1684,349,1685,86,133"
"560","1686,1687,1688,439"
"561","1605,1689,1690,179,1691,169"
"562","1692,1693,103,1111,1694,1695"
"563","43,647,1696,179,1097"
"564","103"
"565","1697,1698,1699"
"566","1700,1701,1578,1702"
"567","1703,1704,240,1705"
"568","77,43,647,1312,1706,67"
"569","553,92,1707,1002,67"
"570","1708,145,495,1709"
"571","188,103,1710,1711,64,509,67"
"572","1712,1713,1121"
"573","1413,1714,1715,38,1716"
"574","1717,206,1718,1719,1720"
"575","1721,1722,1723"
"576","261,1724,1725,81,1726,1727,1728,1729,359,1730,1731"
"577","1653,1732,1733"
"578","31,41,1470,917,1734,1735"
"579","101,1736,680,649"
"580","1234,1737,1738"
"581","1739,1520,1740,1741,439,1738"
"582","1742,1743,1744,1745,1746"
"583","43,41,1747,1748"
"584","512,1749,1750"
"585","1751,1752,636,1753,1084"
"586","150,82,1754,1755,1392,34"
"587","1756,90,1757,1758,1759,628,1064,1487,1760,1761,439"
"588","1762,1763,1764,967,1765,1766,1767"
"589","580,1768,1769,583,1770"
"590","31,1771,553,101,43,1290,1772,693,1773"
"591","1774,1775,1776,1777"
"592","1778,1779,1780"
"593","1781,1708,1782,1077"
"594","1783,1784,74,1785"
"595","573,82,49,574,34"
"596","1786,580,795,1787"
"597","1788,1789"
"598","1790,342,1791,647"
"599","253,325,103,119"
"600","1792,1793,1794,1795,1796,1797,1798"
"601","826,964,1650,509"
"602","772,1799,1695"
"603","1800,1435,1801,1802,797,1803,1804,1805,1806,1807,49,574,1808,1809,85,50,1782,34,556,38,439"
"604","1810,1811"
"605","1812,1813,1766,1814"
"606","150,202,1815,1816,1462,1817"
"607","1818,772,1364,103,49,1819,85,1820,1821,34,230"
"608","185,249"
"609","1822,1823,211,237"
"610","1824,82,1825,85,34,439"
"611","1826,1827,1144,1828,67"
"612","188,1829,1830,1831,1067"
"613","1037,980,1832,1833,103,1834"
"614","20,179,67"
"615","1835,1836,647,179"
"616","144,574,587,838,34"
"617","101,43,1837,1838,1387,1839"
"618","31,1840,43,1841,1838,1842,67"
"619","1843,31,1844,43"
"620","1845,188,103,1649,509"
"621","1846,1847,144,1848"
"622","78,31,101,43,1849,41,1850,1002,1851"
"623","6,7,8,1852,1853"
"624","1346,12,1487,1854"
"625","930,1435,352,1855,34"
"626","3,1856,1857,903,495,321,1858"
"627","92,43,1859,1258,604,693"
"628","515,172"
"629","85,1860,151,1861,439"
"630","1862,1863,1864"
"631","1865,237,291,1866,1867"
"632","174,101,1018,103"
"633","1868,11,1869,704"
"634","1240,1870,1871,6,1872,1873,1417"
"635","36,37,38"
"636","1874,1875,1876,34"
"637","135,1877,1470,1552"
"638","1252,1878,1879"
"639","43,1097,1635"
"640","1880,352,43,1002"
"641","92,211,194,45"
"642","110,1881,185,1882,1883,1884,1885,1886"
"643","794,1887,1888,1889"
"644","39,1890,1891,43,1892,1619"
"645","1893,1894,38"
"646","1895,1896,1897,43,1898,49,574,1899,1900,1901,1902,1903"
"647","428,1067,439,1904,1669,1905"
"648","1906,1907"
"649","1908"
"650","7,547,191"
"651","1909,103,237,145"
"652","1910,103,1911,1912,1913"
"653","1914,1915,1916,1917,1918"
"654","1919,1920,103,1221"
"655","1921,43,1922,1923"
"656","43,1924,1925"
"657","201,1926,1927,202,87,1439"
"658","201,202,1928"
"659","352,43,1929,1930,1931,67"
"660","43,693,397,509"
"661","1655,1932,509"
"662","31,294,512,1933,1934,1002"
"663","223,1935,1312,1936,495,1937"
"664","1938,43,1939,1940"
"665","1941,1942,350"
"666","31,1943,43,103,1944"
"667","43,1945,680,785,1946,1076"
"668","1947,1948,1949,1950,1951,1952"
"669","150,1953,1954,144,1955,34"
"670","1956,1957,1738"
"671","1958,693,1959"
"672","1960,43,1961,67"
"673","1962,67"
"674","1963,993,1964,1965,42"
"675","1346,1966,144,1470,34"
"676","1967,1002,1537"
"677","1968,1117,1969"
"678","1970,1971,1972"
"679","253,463"
"680","1973,1974,1975"
"681","152,1976,43,1977"
"682","1978,1979,1980,1981,1982,38,1983"
"683","36,1984,1985,1986,1987,1988,38"
"684","1989,1990"
"685","103,179,1991,1144"
"686","906,907,1992,439"
"687","1993,1994,1995,377,795,552"
"688","1996,1997,1998,1999"
"689","2000,2001,2002,2003"
"690","434,2004,1067"
"691","78,661,2005,2006"
"692","3,1258"
"693","103,2007,2008"
"694","2009,6,1456,2010,127"
"695","201,78,185,2011"
"696","2012,2013"
"697","2014,2015"
"698","2016,2017,1759,2018"
"699","1938,2019,1165,1095"
"700","2020,2021,649,2022"
"701","509,2023"
"702","2024,2025,2026,2027,2028,1067,2029"
"703","2,2030,2031"
"704","2032,2033,1084"
"705","2034,2035,41,2036"
"706","1795,211,34"
"707","2037,2038,297,2039,2040,917,64,649"
"708","2041,15,888,2042,2043,2006,2044"
"709","2045,426,2046,2047,34"
"710","41,2048,2049"
"711","2050,2051,1256,2052"
"712","1344,2053,2054,127,38"
"713","1001,2055,2056,439"
"714","908,2057,2058,2059,1067"
"715","2060,2061,1759,144"
"716","1480,78,1644,261,1307,364,1646,1647,2062"
"717","43,1945,2063,2064,2006"
"718","2065,2066,2067,1120,67"
"719","1002,2068,2069,1537"
"720","2070,31,2071,2072,2073,2074"
"721","2075,2076,2077,439"
"722","13,14,15,2078,2079,2080,1363,2081"
"723","2082,2083"
"724","2084,2085,2086,2087,359"
"725","2088,2089,2090"
"726","2091,2092,103,884,2022,1761"
"727","1421,2093,199,34,240"
"728","2094,2095,2096,150,2097,2098"
"729","2099,2100,22,941"
"730","2101,573,2102,2103"
"731","2104,866,2105,2106,2107,2108"
"732","1165,2109"
"733","2110,636,187,2111"
"734","2112,2113,1256,2114,1108"
"735","2115,495,2116"
"736","2117,2118,82"
"737","2119,2120"
"738","2121,92,2122,2123"
"739","211,2124,2048"
"740","2125,2126,182"
"741","2127,43,2128,600"
"742","81,103,366,2129,1552,905,2130,1459"
"743","92,2131,1517,2132,2133,134"
"744","1956,439,1738"
"745","2134,2135,34"
"746","137,2136,1130"
"747","2137,211,2124,2138"
"748","3,2139,1470"
"749","2060,2140,2141"
"750","2142,92,43"
"751","188,2143"
"752","78,2144,43,2145,41,693"
"753","2146,144,2147,2148"
"754","2149,294,2150,2033"
"755","3,2151,1134,2152,82,1582,917"
"756","2153,2154,152,43"
"757","2155,2156,2157,43,2158,340,2159"
"758","78,103,2160"
"759","2161,2162,2163,86,1077,2164,2165,2166"
"760","1037,2167,520,240,2168,2169"
"761","188,14,364,1459"
"762","43,2170,2171"
"763","2172,2173,2174,2175,439"
"764","2176,2177"
"765","2178,1759,144"
"766","600,134,2179,67"
"767","1113,2180,769,348,661"
"768","2181,78,352,1929"
"769","698,2182,2183,2184,2185,2186,2187,41,2188,2189,359,2190,301,1051"
"770","2191,2192,1750,2193,439"
"771","455,903,103,509"
"772","2194,2195,647,274,2196"
"773","2197,1000,2198"
"774","2199,2200,2201,38,439,2202"
"775","8"
"776","2203,509,2204"
"777","156,43,2205,54,2206,2207,649"
"778","52,2208,240,2209"
"779","2210,2211,2212,38"
"780","3,2213,2214"
"781","2215,1779"
"782","101,43,2216"
"783","1507,2217,2218,509,439"
"784","2219,2220,1517,2221,151"
"785","2222,2223,2224,2225,439"
"786","2226,2227,2228,2229,199,1110,2230"
"787","302,35,304"
"788","2231,720,22,1865,2232,1097"
"789","2233,1795,2234,106"
"790","1129,2235,2236,2237,2136"
"791","2238,1330,2239,103,2240,1470,2241,2242"
"792","183,2243,2244,2245,2246,151"
"793","2247"
"794","2248,2249,2250,2251,2252"
"795","155,2253,2254,38"
"796","150,2255,924,2256"
"797","2257,797,2258,2259,8"
"798","2260,2261,2262,964"
"799","2263,2264,2265"
"800","647,2266,2267"
"801","2268,1113,2269,2270,2271"
"802","2272,43,2273,169"
"803","31,2274,101,22,2275,34,64"
"804","2276,574,8,2277,2278"
"805","2279,2280,1120,2281"
"806","2282,2283,2284"
"807","2285,2286,2287,34,38,439"
"808","2288,103,1108"
"809","761,103,2289,2290"
"810","103,397,2291,509"
"811","2292,2293,1954,38"
"812","2152,103,34,1929,2294"
"813","103,434,2295,2296"
"814","2297,2298,2299,2300,103"
"815","2301,74,211"
"816","2302,1757,2303,364,2304,2305,2306"
"817","34"
"818","229,359,2307,380,1459"
"819","2308,448,439"
"820","2309,2310,598"
"821","616,552"
"822","1113,2180,348,661"
"823","2311,2312,2313,2314,2315,2316,2317,2318,2319"
"824","2320,86,2321,905,2322"
"825","2323,2324,439,598"
"826","2325,1414,6,1416,2326"
"827","2327,277,277"
"828","2328,2329,2330,2331,2332,2333,2334,2335,924,1883,2336,388,230,2337"
"829","2338,85,2339"
"830","2137,2340,2138"
"831","1615,2341,2342,604,2343,2344"
"832","501,439"
"833","364,49,2345,916,38"
"834","43,2346,1827,811"
"835","2347,693,2348,2349,1120"
"836","2350,2351,2352,52,2353,2354,199,240"
"837","43,647,179,2355,1748,1574"
"838","2356,2236,2357,2358"
"839","20,2359,2360,2361"
"840","78,2362,1084"
"841","2363,878,2364,2365,2366,2367"
"842","2368,2369,2370,2371"
"843","2210,573,2372,2373"
"844","1846,2374,2375,2376,622,2377"
"845","2378,2379"
"846","2380,2381,2382,42"
"847","101,43,2383,509,2384,2385"
"848","2386,498,2387"
"849","101,2388,2389"
"850","1249,1214,43,2390,2103"
"851","2391,2392,2393"
"852","2394,2395,150,647,1306,179,2396,2397,2398"
"853","2399,2400,2401,693"
"854","1249,2402,97,103,2403,194,151"
"855","2404,2405,2406,150,2407,2408"
"856","328,660,434,2409"
"857","43,2410,1002,2411"
"858","2412,2413,2414,2415"
"859","2416,2417,50,2418,2419,800,439"
"860","2420,2421,2422,2423,150,2424,2413,1814,2425"
"861","2426,2427,924,2428,1471,2429,2430,1067,2431"
"862","78,355,2231,2432,22,397,2433"
"863","2434,2435,2436"
"864","921,2437,2438,38"
"865","150,150,2439,92,2440"
"866","2441,211,2442,34"
"867","1332,2443,2444,1611"
"868","2445,294,512,1002"
"869","2446,600,237"
"870","188,2447,2448,2449,693,704"
"871","2450,150,2451,2452,2453"
"872","2110,636,187,2383,2111"
"873","2454,2455,2456,2457"
"874","2085,2458,1352,169,2459"
"875","2460,6,583,211"
"876","2461,2462,2463,2464,2465,1067,1487"
"877","2466,2152,52,2467"
"878","2468,19,31,1161,43,917"
"879","2469,636,2470,2471,2472,1084"
"880","2473,2474,263,2475,2476,2477"
"881","2478,2479,2043,509"
"882","2480,2481,2482,2031"
"883","2483,2484,1559"
"884","2485,2486,103,2487,38"
"885","103,2488,1144"
"886","1966,2489,41,8,8,2490,2491,38"
"887","43,22,179,2492,759,1002,2493"
"888","2494,2495,574,34,2496"
"889","277,2497,241,2498"
"890","2499,1392,34"
"891","1938,2500,2501,67"
"892","2502"
"893","338,67"
"894","2087,2503,38,558,439,1108"
"895","2504,2505,2506,103,1912,1913"
"896","2507,179,2508"
"897","426,2509,1144"
"898","382,1037,2510,2511,2136,2512"
"899","1614,2513"
"900","251,2514,2515,2516"
"901","2517,150,2518,2519,2520"
"902","150,2521,34"
"903","328,2522,576,34,2523"
"904","702,38,439,1108,1444"
"905","2524,647,2525,2526,2527,2528"
"906","2529,2530,277,230,252"
"907","2531,43,230,2532"
"908","101,693,2533"
"909","908,2534,2535,1552"
"910","2536,2413,2537,2259,2538,2539,2540,2541,2048"
"911","2542,1577,1568,2543,51"
"912","2544,41,85,34,137,359,920"
"913","2545,81,2546,761,2547"
"914","553,211,142,2548"
"915","2549,43,2550"
"916","906,2551,1772,2077,2552,2553,439"
"917","402,2554,2555,67"
"918","1461,2556,2557,277"
"919","2558,2559,481,2560,2561,2562,169,1509,1525"
"920","2563,706,2564,723"
"921","43,2565,103,2566"
"922","150,2567,2568,1449,2569"
"923","2441,211,34"
"924","2570,2571,2572,2573,2574,2575,2576"
"925","2577,2578,15,2579"
"926","2580,933,359,1731"
"927","2581,81,103,1590,2582,182,2022"
"928","2583,1653,2255"
"929","901,2584,2585,230,2586"
"930","2157,103,340,54"
"931","1346,2587,2588,2589,1067,2590"
"932","82,2591,144,212"
"933","2592,2593,2594"
"934","2595,43,2596"
"935","2249,348,2597,2598,2322"
"936","1822,2599,2600,237,2601"
"937","382,2602,2603,2604,2605,2606"
"938","520,397"
"939","2210,117,133,291,38"
"940","103,2607,2608,67"
"941","110,525,113,2609,2610"
"942","2611,2612,2613,439,2614"
"943","515,2110,1795,1759,34"
"944","1889,2425,2615"
"945","2536,1503,2616,2617,2618"
"946","2619,2620"
"947","2621,2622,2623,2624"
"948","1993,1995,2625,377,249,552"
"949","2626,2627,2628,2629,2630,2631"
"950","2632,64"
"951","908,515,2633,2634,2635"
"952","2161,43,1508,349,587,1509"
"953","43,647,179,274,1144"
"954","1576,1577,2636,2305,2637,2638,898,2543,2048,598"
"955","2639,352,153,2640,1470,1552"
"956","2641,43,693,1683,151,509"
"957","2642,2643,2644"
"958","1114,249,169"
"959","2645,1637,2646,2527,179,2647"
"960","1256,22,185,1524,2648,34"
"961","103"
"962","41,85,34,173,191"
"963","2649,37"
"964","797,2650,59,2651,1002,301"
"965","2652,2653,2654,2655,81,1588,571"
"966","201,1071,202,87,2656,1459"
"967","391,2657,103,1954"
"968","2658,2659,43,2660"
"969","2,2661"
"970","382,826,2662"
"971","1488,1575,2663,2664,2665,38"
"972","2666,1436,49,34,38"
"973","31,102,144,34,191"
"974","2667,22,2668,2669"
"975","2670,2671,2672"
"976","2673,439,1738,598"
"977","2674,2675,15,2676"
"978","2399,2677,2401,693"
"979","1152,492,355,2678,34"
"980","2117,20,179,1144"
"981","81,2679,2680,1487"
"982","2681,348,277,1211"
"983","2682,2683,2684,43,2102,85,636"
"984","2685,1549,1497"
"985","2686,2687,2688,2689"
"986","2690,2691,2692,2693"
"987","2694,2695,1362,1312,1552"
"988","2696,261,2113,2697,2698,2699,38"
"989","1037,2700,2701"
"990","78,31,150,331,785"
"991","2702,2703,1470,1865,2704"
"992","41,588"
"993","2705,2706,2707,2708,291"
"994","2709,3,1386,761,277,5"
"995","2710,1336,2711,2712,439,1444"
"996","103,926,2259"
"997","277,2713,2714"
"998","2715,6,587,1067"
"999","299,92,1939,2716"
"1000","2717,2718,1032,402,103,2719,917,649"
"1001","3,5,2720"
"1002","2399,980,1986,1987,38"
"1003","2721,574,2722,2723"
"1004","2024,150,761,2724,2725,2726,2727"
"1005","2728,311,31,156,41,2729,2730,2731,1420"
"1006","2732,826,1782,34,1335,2733,2734"
"1007","3,2735,274,2451,892"
"1008","2736,2737,1470"
"1009","2738,2739,2740,140,103,2741"
"1010","2742,103,2743,2744,2745"
"1011","1577,2746,1040,2259,1351"
"1012","2747,2748,2749,8,2322"
"1013","2750,2751,2752,2753,2754"
"1014","2292,88,980,2755,97,2756,38"
"1015","103,2757,151,1817"
"1016","221,2758,2759"
"1017","2760,737"
"1018","201,43,2761,2018,1145"
"1019","2762,587,2763"
"1020","43,1141,2764"
"1021","737,1516,1517,439"
"1022","355,81,103,2582,2022,1777"
"1023","43,179,1097,2765,1635"
"1024","2766,2767,43,185"
"1025","2768,2769,2770,2771,439,1444"
"1026","43,34,133,1923"
"1027","667,2772,2773,2774"
"1028","573,2775,2776,2777,34"
"1029","2778,1435,49,2779,34,2780"
"1030","77,1324,1752,1663,85,86,34,2781,1363"
"1031","2782,2783,2784,2785,43,103,2786,2787,2788,2789"
"1032","1113,41,85,34,2790,301"
"1033","2791,2792,2793,2794,704,2795,2796"
"1034","2797,2798,14,15,1883,2799,2800,1485,2801,2802"
"1035","1071,150,1144"
"1036","2803,2804,2173,2805,2806,588"
"1037","2807,1037,289,103,2808,8,2809,292"
"1038","2810,2811,2706,15,2812,2813,2015,2814,2815,2816,380,2817"
"1039","2818,2819,2820"
"1040","2821,2822,2823,2295"
"1041","2824,2051,355,43,2825,509"
"1042","2826,2827,2828,2829,38"
"1043","1104,2830,2048,439"
"1044","2831,2832,2833"
"1045","2834,1737,103,103,2835,34"
"1046","79,1307,2836,81,2837,2838,2839"
"1047","2840,36,2841,38"
"1048","2842,2843,1307,34,2844"
"1049","289,477,2845,291,1497"
"1050","14,2846,2833"
"1051","144,1109,34"
"1052","567,2847,81,2848,2838,2849,571,572,2850"
"1053","43,520,1002,60,2851"
"1054","1037,6,553,1750,67"
"1055","2852,150,2166,2853"
"1056","2854,2855,2856,2857"
"1057","2858,92,2859,2860,2861,588"
"1058","2862,2863,2864,2865"
"1059","2866,2867,574,2868"
"1060","2869,2870"
"1061","2871,587,636,2872"
"1062","41,179,2873"
"1063","2874,2875,150,103"
"1064","2876,2877,1097"
"1065","277"
"1066","43,647,1002,1748"
"1067","2640,2878,2879"
"1068","2061,2880,86,2881,439"
"1069","1421,2882,2363,92,628"
"1070","140,2259,489,2883,2884"
"1071","2885,2886,2887"
"1072","2888,364,682,240,2889,1363,2890,588"
"1073","2891,2892,2893,1409,359"
"1074","1484,2894,85,2895,1444"
"1075","150,2896,2897,2898,151"
"1076","515,883,97,85,2899,34,2900"
"1077","150,2901,2902,2903"
"1078","2904,2905,67"
"1079","43,1272,49,1821,354,34,2906"
"1080","2907,144,34,240"
"1081","92,2607,634,2608,67"
"1082","2908,333,79,2909,2910,1104,2911,263,144,2912,34,2913,439"
"1083","2914,1513,2915,2916,2917,2597"
"1084","2918,2919,38"
"1085","1421,2394,2920,425,261,2921,2922,38"
"1086","463,1384,277,2923,119"
"1087","2924,14,649,380"
"1088","84"
"1089","2925,2926,1839"
"1090","2927,1487"
"1091","2928,103,2929,380"
"1092","2930,2931,2932,2933,2934,2935,2086,103,2936,2937,2849,359"
"1093","2938,2939,49,2116"
"1094","1795,97,1754,2940,1471"
"1095","2941,2942,1346,11,2943,2944,2945,1487"
"1096","92,2946,1772,86"
"1097","2947,43,44,277,46"
"1098","2948,2949,2950,1471,2951"
"1099","31,43,2952,144,661,34"
"1100","2953,2413,2259,2954"
"1101","14,2955,1312"
"1102","2956,333,501,446,439,1108"
"1103","2957,2958,574,2780"
"1104","2959,1161,2960,151"
"1105","2646,81,2961,649"
"1106","2962,2963,2964,2043,240,1409,2965"
"1107","1577,1815,51"
"1108","2966,2967"
"1109","2968,2969,2970"
"1110","647,103,179,2971,2972"
"1111","2973,2974,89,737,2975,2976"
"1112","277,1470,1002"
"1113","201,201,1071,2977,2978,2979,2980,1471,38,1817,558"
"1114","1307,2981,2982,2983,571"
"1115","2984,2985,51"
"1116","2986,2987,2244,43,185,2988,2989"
"1117","2990,2991,179,327,2992"
"1118","2993,2994,2995"
"1119","14,2996,15,649,2048,2997"
"1120","2998,2999,3000,2173,3001,1110,3002,38"
"1121","1048,3003,2047,3004,414,359,359"
"1122","3005,429,3006,3007,348,84,1471,439"
"1123","3008,3009,3010,3011,682,2322,3012,3013"
"1124","3014,3015,92,43,185,64"
"1125","909,3005,348,574,34,2979,1471"
"1126","1793,3016,3017,1552"
"1127","2599,3018,3019"
"1128","1346,3020,85,34,3021,2895"
"1129","150,237,3022,3023"
"1130","3024,43,3025,439"
"1131","3026,31,1290,3027,3028,2345,241"
"1132","81,103,359,3029,3030,598,572,1108"
"1133","3031,364,3032,3033,3034,3035,2417,2753,2077,588,1459,3036,1107,3037"
"1134","3038,924,384,926,3039"
"1135","3040,1249,43,297,41,98,67"
"1136","3041,144,34,38"
"1137","1480,932,693,244,3042"
"1138","103,3043,3044"
"1139","97,1772,85,3045"
"1140","1114,3046,3047,3048,3049,3050"
"1141","3,35,5,1126,552,3051"
"1142","2901,36,37"
"1143","3052,3053,3054,3055"
"1144","3056,3057,127,558,598"
"1145","239,241,242"
"1146","85,34,1335"
"1147","3058,3059"
"1148","3060,448,3061"
"1149","328,3062,3063,2022,439"
"1150","2949,3064,1471,1363,1731"
"1151","328,3065,101,43,22,397"
"1152","328,3066,43,22,1141,1258"
"1153","218,219,221,274,230"
"1154","3067,1630,81,3068,3069,3070"
"1155","794,3071,3072,3073,1486"
"1156","3074,3075,439"
"1157","2153,188,3076,3077,352,809,3078,1145"
"1158","228,573,967,1805,3079"
"1159","3080,150,2518,22,798"
"1160","515,355,1795,3081,1470,2940,359"
"1161","1391,1392,34"
"1162","1802,3082,1257,52,1805,1807,103,1391,49,85,1782,34,636,2711,439"
"1163","3083,277,3084,3085,2267"
"1164","3086,3087,3088"
"1165","1362,43,179,169"
"1166","3089,1436,3090,3091,1492,34,38"
"1167","3092,3093,3094,377,1684,3095,230,3096,1076"
"1168","3097,3098,3099,43,22,41,169,67"
"1169","103,3100,3101,3102,3103"
"1170","3104,333,3105,3106,3107,3108,905"
"1171","3109,92,43,3110,297,8"
"1172","3111,3112,101,3113"
"1173","43,1491,3114,1931,301"
"1174","3115,1766,211,3116,3117,151"
"1175","3118,103,54,2597,2322"
"1176","3119,223,103,3120,1064,3121"
"1177","3122,3123,1341,1621,3124"
"1178","188,503,31,22"
"1179","3125,40,2300,3126,42"
"1180","377,331,3127,395,3128,680,321"
"1181","3129,3130,3131,3132"
"1182","1614,143,3133"
"1183","1252,311,881,31,31,1000,402,919,3134"
"1184","698,3135,1150,113"
"1185","31,562,679,3136,191"
"1186","3137,34,3138,3139,3140,636,3141,3142,3143"
"1187","283,277,951,3144,3134"
"1188","352,3145,3146,86,1509"
"1189","2061,22,1176,237,230"
"1190","3147,3148,237,230"
"1191","1488,333,85,34,1363,38"
"1192","3149,48,967,2173,3079,34,3150"
"1193","103"
"1194","924"
"1195","1480,1644,1645,3151,1646,1647"
"1196","150,3152,3153"
"1197","2399,1037,2087,2266,3154,1986,1987,38,3155,558"
"1198","2220,3156,3157,439,3158"
"1199","3159,3160,3161,3162"
"1200","3163,43,3164,3165,3166"
"1201","2445,43,3167,1002,3168"
"1202","79,1980,22,3169,1561,439"
"1203","20,43,179,3170"
"1204","31,1644,884,244"
"1205","1752,3171,3172"
"1206","43,604,42,3173"
"1207","237,2116"
"1208","3174,3175,97,103,49,3176"
"1209","43,42"
"1210","3177,3178,2640"
"1211","3179,3180,3181,3182,3183,3184,3185,96,3186"
"1212","102,2147,3187"
"1213","1938,2607,3039"
"1214","1844,3188,3189,3190,3191,714"
"1215","236,1225,3192"
"1216","3193,3194,439"
"1217","3195,3196,3197,103,439"
"1218","3198,998,397"
"1219","1153,156,2684,230,665"
"1220","3199,493,20,43,41"
"1221","858,103,498,250,3200"
"1222","2738,3201,719,924"
"1223","225,1445,1257,3202,97,34,3203"
"1224","81,1649,604,1748"
"1225","3204,43,3205,3206,3207,3208,3209,3210,683,3211,34,3212"
"1226","3098,1004,1005,43,22,3213,169,42,3214"
"1227","201,237,3215"
"1228","3005,3216,3217,3218,3219,3220,1120"
"1229","3221,3222,113,117,291,1487"
"1230","3223,3224,1470,3225,3226,134"
"1231","3227,3228,3229,1635"
"1232","3230,319,3231,455,3232,179,3233,3234,400,209"
"1233","1921,3235,3236,3237,3238,3239,133"
"1234","3240,3241,3242,42"
"1235","175,3243,1386,1177,43,693,191"
"1236","3244,693"
"1237","3245,294,43,3246,1002"
"1238","3247,3248,2077,439"
"1239","359,3249,191,3250"
"1240","3251,3252,22,41,1470,5,2048"
"1241","3253,3254,150,1470,169,5,3255,3256"
"1242","3257,3258,3259,518,230,3260,3261"
"1243","3262,941,3263"
"1244","3264,3265,240,1067"
"1245","3266,3267,342,851,840"
"1246","22,3268,3269"
"1247","3270,236,150,3271,1582,3272,2884,67"